{
  "fixed_mean_wait": 955.2372593669921,
  "qlearning_mean_wait": 876.5940249974071,
  "improvement_pct": 8.232848289617554,
  "mean_state_coverage": 0.9954198875419566,
  "fixed_waits_per_episode": [
    878.3468019989928,
    989.5693393651042,
    982.7065629742034,
    953.3375547035358,
    972.2260377931244
  ],
  "ql_waits_per_episode": [
    839.5288925214548,
    859.2205534930813,
    862.956107338624,
    824.7178258376341,
    996.5467457962413
  ],
  "coverage_per_episode": [
    0.997638167217761,
    0.9961032635168047,
    0.9981105337742088,
    0.9947842579421526,
    0.9904632152588556
  ],
  "ql_arrived_per_episode": [
    13803,
    13696,
    13766,
    13559,
    13835
  ],
  "ql_steps_per_episode": [
    24470,
    23704,
    24446,
    24414,
    25275
  ]
}