{
  "fixed_mean_wait": 955.2372593669921,
  "qlearning_mean_wait": 556.8798671388688,
  "improvement_pct": 41.70245541846882,
  "mean_state_coverage": 0.997643889313597,
  "fixed_waits_per_episode": [
    878.3468019989928,
    989.5693393651042,
    982.7065629742034,
    953.3375547035358,
    972.2260377931244
  ],
  "ql_waits_per_episode": [
    485.4414733486807,
    577.4178513269662,
    444.7741464709004,
    661.5018088767316,
    615.2640556710654
  ],
  "coverage_per_episode": [
    0.9989059080962801,
    0.9967355821545157,
    1.0,
    0.9972826086956522,
    0.9952953476215368
  ],
  "ql_arrived_per_episode": [
    13803,
    13696,
    13766,
    13559,
    13835
  ],
  "ql_steps_per_episode": [
    22588,
    22721,
    22612,
    22666,
    23567
  ]
}