{
  "fixed_mean_wait": 955.2372593669921,
  "qlearning_mean_wait": 735.7435516699447,
  "improvement_pct": 22.977925698009255,
  "mean_state_coverage": 0.9676685559821812,
  "fixed_waits_per_episode": [
    878.3468019989928,
    989.5693393651042,
    982.7065629742034,
    953.3375547035358,
    972.2260377931244
  ],
  "ql_waits_per_episode": [
    673.8029182079737,
    743.0296595888102,
    761.0963455149501,
    812.968788641112,
    687.8200463968774
  ],
  "coverage_per_episode": [
    0.9967071935157041,
    0.9955832683813978,
    0.9886449659348978,
    0.994258872651357,
    0.8631484794275492
  ],
  "ql_arrived_per_episode": [
    13803,
    13696,
    13766,
    13559,
    13835
  ],
  "ql_steps_per_episode": [
    24330,
    23736,
    24381,
    23453,
    27157
  ]
}