{
  "fixed_mean_wait": 955.2372593669921,
  "qlearning_mean_wait": 511.6347270579399,
  "improvement_pct": 46.43898968126669,
  "mean_state_coverage": 0.998915791948759
}